file_name;label
processedImage201.png,b;
processedImage202.png,b;
processedImage203.png,b;
processedImage204.png,b;
processedImage205.png,b;
processedImage206.png,b;
processedImage207.png,b;
processedImage208.png,b;
processedImage209.png,b;
processedImage210.png,b;
processedImage211.png,b;
processedImage212.png,b;
processedImage213.png,b;
processedImage214.png,b;
processedImage215.png,b;
processedImage216.png,b;
processedImage217.png,b;
processedImage218.png,b;
processedImage219.png,b;
processedImage220.png,b;
processedImage221.png,b;
processedImage222.png,b;
processedImage223.png,b;
processedImage224.png,b;
processedImage225.png,b;
processedImage226.png,b;
processedImage227.png,b;
processedImage228.png,b;
processedImage229.png,b;
processedImage230.png,b;
processedImage231.png,b;
processedImage232.png,b;
processedImage233.png,b;
processedImage234.png,b;
processedImage235.png,b;
processedImage236.png,b;
processedImage237.png,b;
processedImage238.png,b;
processedImage239.png,b;
processedImage240.png,b;
processedImage241.png,b;
processedImage242.png,b;
processedImage243.png,b;
processedImage244.png,b;
processedImage245.png,b;
processedImage246.png,b;
processedImage247.png,b;
processedImage248.png,b;
processedImage249.png,b;
processedImage250.png,b;
processedImage251.png,b;
processedImage252.png,b;
processedImage253.png,b;
processedImage254.png,b;
processedImage255.png,b;
processedImage256.png,b;
processedImage257.png,b;
processedImage258.png,b;
processedImage259.png,b;
processedImage260.png,b;
processedImage261.png,b;
processedImage262.png,b;
processedImage263.png,b;
processedImage264.png,b;
processedImage265.png,b;
processedImage266.png,b;
processedImage267.png,b;
processedImage268.png,b;
processedImage269.png,b;
processedImage270.png,b;
processedImage271.png,b;
processedImage272.png,b;
processedImage273.png,b;
processedImage274.png,b;
processedImage275.png,b;
processedImage276.png,b;
processedImage277.png,b;
processedImage278.png,b;
processedImage279.png,b;
processedImage280.png,b;
processedImage281.png,b;
processedImage282.png,b;
processedImage283.png,b;
processedImage284.png,b;
processedImage285.png,b;
processedImage286.png,b;
processedImage287.png,b;
processedImage288.png,b;
processedImage289.png,b;
processedImage290.png,b;
processedImage291.png,b;
processedImage292.png,b;
processedImage293.png,b;
processedImage294.png,b;
processedImage295.png,b;
processedImage296.png,b;
processedImage297.png,b;
processedImage298.png,b;
processedImage299.png,b;
processedImage300.png,b;
processedImage301.png,b;
processedImage302.png,b;
processedImage303.png,b;
processedImage304.png,b;
processedImage305.png,b;
processedImage306.png,b;
processedImage307.png,b;
processedImage308.png,b;
processedImage309.png,b;
processedImage310.png,b;
processedImage311.png,b;
processedImage312.png,b;
processedImage313.png,b;
processedImage314.png,b;
processedImage315.png,b;
processedImage316.png,b;
processedImage317.png,b;
processedImage318.png,b;
processedImage319.png,b;
processedImage320.png,b;
processedImage321.png,b;
processedImage322.png,b;
processedImage323.png,b;
processedImage324.png,b;
processedImage325.png,b;
processedImage326.png,b;
processedImage327.png,b;
processedImage328.png,b;
processedImage329.png,b;
processedImage330.png,b;
processedImage331.png,b;
processedImage332.png,b;
processedImage333.png,b;
processedImage334.png,b;
processedImage335.png,b;
processedImage336.png,b;
processedImage337.png,b;
processedImage338.png,b;
processedImage339.png,b;
processedImage340.png,b;
processedImage341.png,b;
processedImage342.png,b;
processedImage343.png,b;
processedImage344.png,b;
processedImage345.png,b;
processedImage346.png,b;
processedImage347.png,b;
processedImage348.png,b;
processedImage349.png,b;
processedImage350.png,b;
processedImage351.png,b;
processedImage352.png,b;
processedImage353.png,b;
processedImage354.png,b;
processedImage355.png,b;
processedImage356.png,b;
processedImage357.png,b;
processedImage358.png,b;
processedImage359.png,b;
processedImage360.png,b;
processedImage361.png,b;
processedImage362.png,b;
processedImage363.png,b;
processedImage364.png,b;
processedImage365.png,b;
processedImage366.png,b;
processedImage367.png,b;
processedImage368.png,b;
processedImage369.png,b;
processedImage370.png,b;
processedImage371.png,b;
processedImage372.png,b;
processedImage373.png,b;
processedImage374.png,b;
processedImage375.png,b;
processedImage376.png,b;
processedImage377.png,b;
processedImage378.png,b;
processedImage379.png,b;
processedImage380.png,b;
processedImage381.png,b;
processedImage382.png,b;
processedImage383.png,b;
processedImage384.png,b;
processedImage385.png,b;
processedImage386.png,b;
processedImage387.png,b;
processedImage388.png,b;
processedImage389.png,b;
processedImage390.png,b;
processedImage391.png,b;
processedImage392.png,b;
processedImage393.png,b;
processedImage394.png,b;
processedImage395.png,b;
processedImage396.png,b;
processedImage397.png,b;
processedImage398.png,b;
processedImage399.png,b;
processedImage400.png,b;