file_name,label
processedImage401.png,c
processedImage402.png,c
processedImage403.png,c
processedImage404.png,c
processedImage405.png,c
processedImage406.png,c
processedImage407.png,c
processedImage408.png,c
processedImage409.png,c
processedImage410.png,c
processedImage411.png,c
processedImage412.png,c
processedImage413.png,c
processedImage414.png,c
processedImage415.png,c
processedImage416.png,c
processedImage417.png,c
processedImage418.png,c
processedImage419.png,c
processedImage420.png,c
processedImage421.png,c
processedImage422.png,c
processedImage423.png,c
processedImage424.png,c
processedImage425.png,c
processedImage426.png,c
processedImage427.png,c
processedImage428.png,c
processedImage429.png,c
processedImage430.png,c
processedImage431.png,c
processedImage432.png,c
processedImage433.png,c
processedImage434.png,c
processedImage435.png,c
processedImage436.png,c
processedImage437.png,c
processedImage438.png,c
processedImage439.png,c
processedImage440.png,c
processedImage441.png,c
processedImage442.png,c
processedImage443.png,c
processedImage444.png,c
processedImage445.png,c
processedImage446.png,c
processedImage447.png,c
processedImage448.png,c
processedImage449.png,c
processedImage450.png,c
processedImage451.png,c
processedImage452.png,c
processedImage453.png,c
processedImage454.png,c
processedImage455.png,c
processedImage456.png,c
processedImage457.png,c
processedImage458.png,c
processedImage459.png,c
processedImage460.png,c
processedImage461.png,c
processedImage462.png,c
processedImage463.png,c
processedImage464.png,c
processedImage465.png,c
processedImage466.png,c
processedImage467.png,c
processedImage468.png,c
processedImage469.png,c
processedImage470.png,c
processedImage471.png,c
processedImage472.png,c
processedImage473.png,c
processedImage474.png,c
processedImage475.png,c
processedImage476.png,c
processedImage477.png,c
processedImage478.png,c
processedImage479.png,c
processedImage480.png,c
processedImage481.png,c
processedImage482.png,c
processedImage483.png,c
processedImage484.png,c
processedImage485.png,c
processedImage486.png,c
processedImage487.png,c
processedImage488.png,c
processedImage489.png,c
processedImage490.png,c
processedImage491.png,c
processedImage492.png,c
processedImage493.png,c
processedImage494.png,c
processedImage495.png,c
processedImage496.png,c
processedImage497.png,c
processedImage498.png,c
processedImage499.png,c
processedImage500.png,c
processedImage501.png,c
processedImage502.png,c
processedImage503.png,c
processedImage504.png,c
processedImage505.png,c
processedImage506.png,c
processedImage507.png,c
processedImage508.png,c
processedImage509.png,c
processedImage510.png,c
processedImage511.png,c
processedImage512.png,c
processedImage513.png,c
processedImage514.png,c
processedImage515.png,c
processedImage516.png,c
processedImage517.png,c
processedImage518.png,c
processedImage519.png,c
processedImage520.png,c
processedImage521.png,c
processedImage522.png,c
processedImage523.png,c
processedImage524.png,c
processedImage525.png,c
processedImage526.png,c
processedImage527.png,c
processedImage528.png,c
processedImage529.png,c
processedImage530.png,c
processedImage531.png,c
processedImage532.png,c
processedImage533.png,c
processedImage534.png,c
processedImage535.png,c
processedImage536.png,c
processedImage537.png,c
processedImage538.png,c
processedImage539.png,c
processedImage540.png,c
processedImage541.png,c
processedImage542.png,c
processedImage543.png,c
processedImage544.png,c
processedImage545.png,c
processedImage546.png,c
processedImage547.png,c
processedImage548.png,c
processedImage549.png,c
processedImage550.png,c
processedImage551.png,c
processedImage552.png,c
processedImage553.png,c
processedImage554.png,c
processedImage555.png,c
processedImage556.png,c
processedImage557.png,c
processedImage558.png,c
processedImage559.png,c
processedImage560.png,c
processedImage561.png,c
processedImage562.png,c
processedImage563.png,c
processedImage564.png,c
processedImage565.png,c
processedImage566.png,c
processedImage567.png,c
processedImage568.png,c
processedImage569.png,c
processedImage570.png,c
processedImage571.png,c
processedImage572.png,c
processedImage573.png,c
processedImage574.png,c
processedImage575.png,c
processedImage576.png,c
processedImage577.png,c
processedImage578.png,c
processedImage579.png,c
processedImage580.png,c
processedImage581.png,c
processedImage582.png,c
processedImage583.png,c
processedImage584.png,c
processedImage585.png,c
processedImage586.png,c
processedImage587.png,c
processedImage588.png,c
processedImage589.png,c
processedImage590.png,c
processedImage591.png,c
processedImage592.png,c
processedImage593.png,c
processedImage594.png,c
processedImage595.png,c
processedImage596.png,c
processedImage597.png,c
processedImage598.png,c
processedImage599.png,c
processedImage600.png,c